{"cameraMode":{"drawMode":0,"name":"Shaded","section":"Shading Mode"},"sceneLighting":false,"audioPlay":false,"sceneViewState":{"showFog":true,"showMaterialUpdate":false,"showSkybox":false,"showFlares":true,"showImageEffects":true,"showParticleSystems":true,"showVisualEffectGraphs":true,"m_FxEnabled":true},"in2DMode":false,"pivot":{"x":5.126448631286621,"y":-1.6952286958694459,"z":2.9767425060272219},"rotation":{"x":-0.07968387752771378,"y":0.03198999539017677,"z":-0.0025584250688552858,"w":-0.9963057041168213},"size":2.066025495529175,"orthographic":false}