{"cameraMode":{"drawMode":0,"name":"Shaded","section":"Shading Mode"},"sceneLighting":false,"audioPlay":false,"sceneViewState":{"showFog":true,"showMaterialUpdate":false,"showSkybox":false,"showFlares":true,"showImageEffects":true,"showParticleSystems":true,"showVisualEffectGraphs":true,"m_FxEnabled":true},"in2DMode":false,"pivot":{"x":0.011711061000823975,"y":-0.04637168347835541,"z":0.06666684150695801},"rotation":{"x":0.01417457964271307,"y":-0.32514551281929018,"z":-0.004875730257481337,"w":-0.9455481767654419},"size":0.17320507764816285,"orthographic":false}